{"cameraMode":{"drawMode":0,"name":"Shaded","section":"Shading Mode"},"sceneLighting":true,"audioPlay":false,"sceneViewState":{"showFog":true,"showMaterialUpdate":false,"showSkybox":true,"showFlares":true,"showImageEffects":true,"showParticleSystems":true},"in2DMode":false,"pivot":{"x":12.736390113830567,"y":-1.907515525817871,"z":24.605195999145509},"rotation":{"x":-0.10703068971633911,"y":-0.21392200887203217,"z":0.02355986461043358,"w":-0.9707157015800476},"size":10.0,"orthographic":false}