{"cameraMode":{"drawMode":0,"name":"Shaded","section":"Shading Mode"},"sceneLighting":true,"audioPlay":false,"sceneViewState":{"showFog":true,"showMaterialUpdate":false,"showSkybox":true,"showFlares":true,"showImageEffects":true,"showParticleSystems":true},"in2DMode":false,"pivot":{"x":1.7974854707717896,"y":3.6378421783447267,"z":2.30084228515625},"rotation":{"x":-0.3136028051376343,"y":-0.346365362405777,"z":0.12383917719125748,"w":-0.8757375478744507},"size":0.5040445327758789,"orthographic":false}